<?xml version="1.0" encoding="UTF-8"?>
<svg width="13px" height="6px" viewBox="0 0 13 6" version="1.1" xmlns="http://www.w3.org/2000/svg" xmlns:xlink="http://www.w3.org/1999/xlink">
    <!-- Generator: sketchtool 55 (78076) - https://sketchapp.com -->
    <title>70FCF7CF-35F0-469C-98D6-D55866181439</title>
    <desc>Created with sketchtool.</desc>
    <g id="Page-1" stroke="none" stroke-width="1" fill="none" fill-rule="evenodd">
        <g id="01_new-checking-account" transform="translate(-296.000000, -904.000000)" stroke="#000000">
            <g id="Dropdown-Default-Copy-Dropdown-Default" transform="translate(20.000000, 864.000000)">
                <g id="Dropdown-Default" transform="translate(0.000000, 8.000000)">
                    <g id="Arrow-down" transform="translate(277.000000, 32.000000)">
                        <polyline id="Shape" points="0 0 5.6 5.8 11.2 0"></polyline>
                    </g>
                </g>
            </g>
        </g>
    </g>
</svg>