<?xml version="1.0" encoding="UTF-8"?>
<svg width="32px" height="32px" viewBox="0 0 32 32" version="1.1" xmlns="http://www.w3.org/2000/svg" xmlns:xlink="http://www.w3.org/1999/xlink">
    <title>Artboard</title>
    <g id="Artboard" stroke="none" stroke-width="1" fill="none" fill-rule="evenodd">
        <g id="Star-/-Filled" transform="translate(1.000000, 2.000000)" fill="#000000" fill-rule="nonzero">
            <polygon id="Shape" points="23.96 27.76 15 21.36 6.04 27.76 9.56 17.2 0.6 10.8 11.64 10.8 15 0.24 18.36 10.8 29.4 10.8 20.44 17.2"></polygon>
        </g>
    </g>
</svg>