<?xml version="1.0" encoding="UTF-8"?>
<svg width="32px" height="32px" viewBox="0 0 32 32" version="1.1" xmlns="http://www.w3.org/2000/svg" xmlns:xlink="http://www.w3.org/1999/xlink">
    <title>Artboard Copy</title>
    <g id="Artboard-Copy" stroke="none" stroke-width="1" fill="none" fill-rule="evenodd">
        <g id="Group" fill="#000000" fill-rule="nonzero">
            <g id="Star-/-Unfilled">
                <path d="M24.96,29.76 L16,23.36 L7.04,29.76 L10.56,19.2 L1.6,12.8 L12.64,12.8 L16,2.24 L19.36,12.8 L30.4,12.8 L21.44,19.2 L24.96,29.76 Z M16,20.96 L21.44,24.96 L19.36,18.4 L24.8,14.4 L17.92,14.4 L16,8 L13.92,14.56 L7.04,14.56 L12.64,18.56 L10.56,25.12 L16,20.96 Z" id="Shape"></path>
            </g>
        </g>
    </g>
</svg>