<?xml version="1.0" encoding="utf-8"?>
<!-- Generator: Adobe Illustrator 22.1.0, SVG Export Plug-In . SVG Version: 6.00 Build 0)  -->
<svg version="1.1" id="Layer_1" xmlns="http://www.w3.org/2000/svg" xmlns:xlink="http://www.w3.org/1999/xlink" x="0px" y="0px"
	 viewBox="0 0 18.3 18.2" style="enable-background:new 0 0 18.3 18.2;" xml:space="preserve">
<title>icon</title>
<g>
	<path d="M17.1,11.2c-0.4-0.5-0.9-0.9-1.5-1.2V4.6L7.9,0.1L0.1,4.6v9l7.8,4.5l2.7-1.5c1.5,1.8,4.1,2.1,5.9,0.6
		C18.3,15.7,18.6,13,17.1,11.2z M7.9,1.4l2.5,1.4L4.2,6.3L1.8,4.9L7.9,1.4z M7.3,16.4l-6.1-3.5v-7l6.1,3.5V16.4z M5.4,7l6.1-3.5
		L14,5L7.9,8.4L5.4,7z M9.9,15.6l-1.5,0.9v-7L14.5,6v3.8c-2.3-0.5-4.4,1-4.9,3.3C9.5,13.9,9.6,14.8,9.9,15.6z M17,13.9
		c0,1.7-1.4,3.2-3.2,3.2c-1.7,0-3.2-1.4-3.2-3.2c0-1.7,1.4-3.2,3.2-3.2S17,12.1,17,13.9L17,13.9z"/>
	<path d="M12.4,14.1L12.4,14.1l0.4,0.4c0.6-0.6,1.5-0.6,2.1,0l0.4-0.4C14.5,13.3,13.2,13.3,12.4,14.1z"/>
	<path d="M13.1,14.8l0.4,0.4c0.2-0.2,0.5-0.2,0.7,0l0.4-0.4C14.1,14.4,13.5,14.4,13.1,14.8z"/>
	<path d="M11.7,13.4l0.4,0.4c1-1,2.5-1,3.5,0l0.4-0.4C14.8,12.2,12.9,12.2,11.7,13.4z"/>
</g>
</svg>
